{"cameraMode":{"drawMode":0,"name":"Shaded","section":"Shading Mode"},"sceneLighting":true,"audioPlay":false,"sceneViewState":{"m_AlwaysRefresh":false,"showFog":true,"showSkybox":true,"showFlares":true,"showImageEffects":true,"showParticleSystems":true,"showVisualEffectGraphs":true,"m_FxEnabled":true},"in2DMode":false,"pivot":{"x":-0.2670488655567169,"y":0.7031220197677612,"z":18.725282669067384},"rotation":{"x":-0.06925026327371597,"y":0.011070536449551583,"z":-0.0007683748262934387,"w":-0.9975373148918152},"size":2.490701198577881,"orthographic":false}