{"cameraMode":{"drawMode":0,"name":"Shaded","section":"Shading Mode"},"sceneLighting":true,"audioPlay":false,"sceneViewState":{"m_AlwaysRefresh":false,"showFog":true,"showSkybox":true,"showFlares":true,"showImageEffects":true,"showParticleSystems":true,"showVisualEffectGraphs":true,"m_FxEnabled":true},"in2DMode":false,"pivot":{"x":-6.133388519287109,"y":-1.1045613288879395,"z":-0.650820255279541},"rotation":{"x":0.27944475412368777,"y":-0.08626844733953476,"z":0.025218099355697633,"w":0.9559472799301148},"size":3.517023801803589,"orthographic":false}