{"cameraMode":{"drawMode":0,"name":"Shaded","section":"Shading Mode"},"sceneLighting":false,"audioPlay":false,"sceneViewState":{"m_AlwaysRefresh":false,"showFog":true,"showSkybox":false,"showFlares":true,"showImageEffects":true,"showParticleSystems":true,"showVisualEffectGraphs":true,"m_FxEnabled":true},"in2DMode":false,"pivot":{"x":-0.12422268092632294,"y":0.052787452936172488,"z":0.32921844720840456},"rotation":{"x":0.09403230994939804,"y":-0.8053691983222961,"z":0.13286390900611878,"w":0.5699872970581055},"size":0.5355715155601502,"orthographic":true}