{"cameraMode":{"drawMode":0,"name":"Shaded","section":"Shading Mode"},"sceneLighting":false,"audioPlay":false,"sceneViewState":{"m_AlwaysRefresh":false,"showFog":true,"showSkybox":false,"showFlares":true,"showImageEffects":true,"showParticleSystems":true,"showVisualEffectGraphs":true,"m_FxEnabled":true},"in2DMode":false,"pivot":{"x":1.4901161193847657e-8,"y":1.5969665050506592,"z":-0.7660573720932007},"rotation":{"x":0.09403230994939804,"y":-0.8053691983222961,"z":0.13286390900611878,"w":0.5699872970581055},"size":0.23532022535800935,"orthographic":true}